alpha,NDCG@10,Recall@10
0.3,0.06420180460791257,0.07496586641642715
0.5,0.07197170982916008,0.08401760354998994
0.6,0.0755426496697776,0.08866440149762281
0.7,0.07851294671355855,0.0914426657457559
0.8,0.08105891546519509,0.09384191100618036
0.9,0.08048331836389802,0.09218187042355964
