Model,NDCG@5,Recall@5,Precision@5,NDCG@10,Recall@10,Precision@10,NDCG@20,Recall@20,Precision@20,Coverage,Popularity_Bias
BPR-MF,0.054861265423578845,0.03754315386439135,0.04983443708609272,0.06489200071913946,0.06893300798213368,0.04548013245033111,0.08219639209466846,0.12080999661831046,0.04063741721854305,0.4579923622476814,1094.208476821192
Content-Based,0.030382698108669014,0.022990421639330193,0.0254635761589404,0.03593343215650753,0.038223776832435656,0.0223841059602649,0.04480575830925587,0.06263009642655382,0.018824503311258275,0.5499181669394435,734.4026986754967
Blend(a=0.8),0.05514936727687006,0.03879186281051193,0.04960264900662252,0.06567887054402063,0.07078873305548868,0.04518211920529802,0.08296444202675682,0.12253071257972166,0.03963576158940397,0.48063284233497,1058.2326407284768
CandGen+Rerank,0.05554448485148227,0.03839516199546071,0.050298013245033114,0.06553050817673498,0.07011819511642284,0.045496688741721865,0.08267514255793401,0.12187914130524036,0.04030629139072848,0.4724495362793235,1066.9107450331126
